<Configuration>
	<Map>data/rc_3m5t.xml</Map>
	<Player Id="0">
		<AgentClass>
			<ClassName>edu.cwru.sepia.agent.planner.PlannerAgent</ClassName>
            <Argument>200</Argument>
            <Argument>200</Argument>
            <Argument>false</Argument>
		</AgentClass>
	</Player>
	<Player Id="0">
		<AgentClass>
			<ClassName>edu.cwru.sepia.agent.visual.VisualAgent</ClassName>
			<Argument>true</Argument>
			<Argument>false</Argument>
		</AgentClass>
	</Player>
	<ModelParameters>
		<Conquest>false</Conquest>
		<Midas>true</Midas>
		<Requirement Name="environment.model.RequiredGold" Value="200"/>
		<Requirement Name="environment.model.RequiredWood" Value="200"/>
		<ManifestDestiny>false</ManifestDestiny>
		<TimeLimit>100000</TimeLimit>
	</ModelParameters>
	<Runner>
		<RunnerClass>edu.cwru.sepia.experiment.SimpleModelEpisodicRunner</RunnerClass>
		<Parameter Name="experiment.NumEpisodes" Value="100"/>
		<Parameter Name="experiment.EpisodesPerSave" Value="10"/>
		<Parameter Name="experiment.SaveAgents" Value="false"/>
		<Parameter Name="experiment.episodesperagentsave" Value="4" />
		<Parameter Name="experiment.episodesperreplaysave" Value="4" />
		<Parameter Name="experiment.save.replaydirectory" Value="saves/test1" />
		<Parameter Name="experiment.save.agentdirectory" Value="saves/test1" />
		<Parameter Name="experiment.temp.thing" Value="saves/test1" />
	</Runner>
</Configuration>
