<Configuration>
	<Map>data/rl_5fv5f.xml</Map>
	<Player Id="0">
		<AgentClass>
			<ClassName>edu.cwru.sepia.agent.RLAgent</ClassName>
			<!-- You can change the values of these arguments. The first number is the amount of episodes
			you should run. If the current episode number is greater than this you should call sys.exit -->
			<Argument>30000</Argument> <!-- Number of episodes to learn -->
			<Argument>false</Argument> <!-- If true then will attempt to load the weights file in the constructor -->
		</AgentClass>
	</Player>

	<!-- When you have your agent working, you can do the learning without the visual agent.
	This means you won't have to click start at the end of each episode and things will run a lot faster.
	To comment it out just wrap the <Player></Player> tags in XML comments -->
	<Player Id="0">
		<AgentClass>
			<ClassName>edu.cwru.sepia.agent.visual.VisualAgent</ClassName>
			<Argument>true</Argument>
			<Argument>false</Argument>
		</AgentClass>
	</Player>


	<Player Id="1">
		<AgentClass>
			<ClassName>combatAgent</ClassName>
			<Argument>false</Argument> <!-- Verbosity of combat agent -->
		</AgentClass>
	</Player>
	<ModelParameters>
		<Conquest>true</Conquest>
		<Midas>false</Midas>
		<ManifestDestiny>false</ManifestDestiny>
		<TimeLimit>100000</TimeLimit>
	</ModelParameters>
	<Runner>
		<RunnerClass>edu.cwru.sepia.experiment.SimpleModelEpisodicRunner</RunnerClass>
		<Parameter Name="experiment.NumEpisodes" Value="1000"/>
		<Parameter Name="experiment.EpisodesPerSave" Value="1"/>
		<Parameter Name="experiment.SaveAgents" Value="false"/>
		<Parameter Name="experiment.episodesperagentsave" Value="4" />
		<Parameter Name="experiment.episodesperreplaysave" Value="4" />
		<Parameter Name="experiment.save.replaydirectory" Value="saves/test1" />
		<Parameter Name="experiment.save.agentdirectory" Value="saves/test1" />
		<Parameter Name="experiment.temp.thing" Value="saves/test1" />
		<Parameter Name="environment.model.class" Value="edu.cwru.sepia.environment.model.BestEffortModel" />
	</Runner>
</Configuration>
